id;name;code;phone
1;Assistant;Generic heuristic;721-664-2911 x28337
2;mission-critical auxiliary;functionalities;159.755.3760 x85845
3;dedicated;users;(791) 917-4928 x9402
4;copying artificial intelligence Lilangeni;Awesome Steel Tuna;(769) 283-2385 x860
5;digital Ford Licensed;Kids;1-172-697-7267 x6410
6;Directives;benchmark quantifying Lead;684.585.5741
7;Auto Loan Account revolutionary Concrete;application;(815) 154-5151
8;Robust ivory Ports;Future;886.540.6994
9;redefine;Auto Loan Account;014-493-0249
10;Practical Frozen Shoes transmitting Virtual;initiatives multi-tasking;061-852-4282 x96310
